{"cameraMode":{"drawMode":0,"name":"Shaded","section":"Shading Mode"},"sceneLighting":true,"audioPlay":false,"sceneViewState":{"m_AlwaysRefresh":true,"showFog":true,"showSkybox":true,"showFlares":true,"showImageEffects":true,"showParticleSystems":true,"showVisualEffectGraphs":true,"m_FxEnabled":true},"in2DMode":false,"pivot":{"x":0.3155174255371094,"y":3.861879825592041,"z":2.2349929809570314},"rotation":{"x":-0.10630495101213455,"y":-0.6664770245552063,"z":0.09685246646404267,"w":-0.7315250635147095},"size":7.581249713897705,"orthographic":false}