{"cameraMode":{"drawMode":0,"name":"Shaded","section":"Shading Mode"},"sceneLighting":true,"audioPlay":false,"sceneViewState":{"m_AlwaysRefresh":true,"showFog":true,"showSkybox":true,"showFlares":true,"showImageEffects":true,"showParticleSystems":true,"showVisualEffectGraphs":true,"m_FxEnabled":true},"in2DMode":false,"pivot":{"x":4.5816779136657719,"y":-23.328187942504884,"z":25.37857437133789},"rotation":{"x":-0.32913151383399966,"y":-0.06875880062580109,"z":0.024036487564444543,"w":-0.9414770603179932},"size":29.22125244140625,"orthographic":false}