{"cameraMode":{"drawMode":0,"name":"Shaded","section":"Shading Mode"},"sceneLighting":false,"audioPlay":false,"sceneViewState":{"m_AlwaysRefresh":true,"showFog":true,"showSkybox":true,"showFlares":true,"showImageEffects":true,"showParticleSystems":true,"showVisualEffectGraphs":true,"m_FxEnabled":true},"in2DMode":false,"pivot":{"x":0.3065381348133087,"y":0.5456007122993469,"z":-1.9651027917861939},"rotation":{"x":-0.0034658992663025858,"y":0.9920192360877991,"z":-0.12294971942901612,"w":-0.027982022613286973},"size":2.161468744277954,"orthographic":false}